id,category,material_or_item,quantity,value,unit,value_si,unit_si,condition,source_publisher,source_title,source_url,source_type,date_opened,used_by_tool_url,engine_file,engine_symbol,notes
CON-001,concrete,"QUIKRETE Concrete Mix No. 1101, 40 lb bag",yield of mixed concrete per bag,0.30,ft3,0.008495,m3,"mixed concrete, approximate",QUIKRETE,Concrete Mix No. 1101 data sheet,https://www.quikrete.com/PDFs/DATA_SHEET-Concrete%20Mix%201101.pdf,manufacturer_datasheet,2026-09-19,https://takeoffmetric.com/concrete/concrete-calculator/; https://takeoffmetric.com/concrete/footing-calculator/; https://takeoffmetric.com/concrete/concrete-cost-calculator/; https://takeoffmetric.com/decks-fences/fence-calculator/,site/src/data/reference/concrete.ts; site/src/engine/formulas/concrete/footing.ts; site/src/engine/formulas/concrete/concrete-cost.ts; site/src/data/reference/fence.ts,"BAG_YIELDS[""40""].cuft; BAG_CUFT[""40""]; BAG_CUFT[""40""]; FENCE_BAG_YIELD_CUFT[""40""]",One product line; other brands publish their own yields.
CON-002,concrete,"QUIKRETE Concrete Mix No. 1101, 50 lb bag",yield of mixed concrete per bag,0.375,ft3,0.01062,m3,"mixed concrete, approximate",QUIKRETE,Concrete Mix No. 1101 data sheet,https://www.quikrete.com/PDFs/DATA_SHEET-Concrete%20Mix%201101.pdf,manufacturer_datasheet,2026-09-19,https://takeoffmetric.com/concrete/concrete-calculator/; https://takeoffmetric.com/concrete/footing-calculator/; https://takeoffmetric.com/concrete/concrete-cost-calculator/; https://takeoffmetric.com/decks-fences/fence-calculator/,site/src/data/reference/concrete.ts; site/src/engine/formulas/concrete/footing.ts; site/src/engine/formulas/concrete/concrete-cost.ts; site/src/data/reference/fence.ts,"BAG_YIELDS[""50""].cuft; BAG_CUFT[""50""]; BAG_CUFT[""50""]; FENCE_BAG_YIELD_CUFT[""50""]",One product line; other brands publish their own yields.
CON-003,concrete,"QUIKRETE Concrete Mix No. 1101, 60 lb bag",yield of mixed concrete per bag,0.45,ft3,0.01274,m3,"mixed concrete, approximate",QUIKRETE,Concrete Mix No. 1101 data sheet,https://www.quikrete.com/PDFs/DATA_SHEET-Concrete%20Mix%201101.pdf,manufacturer_datasheet,2026-09-19,https://takeoffmetric.com/concrete/concrete-calculator/; https://takeoffmetric.com/concrete/footing-calculator/; https://takeoffmetric.com/concrete/concrete-cost-calculator/; https://takeoffmetric.com/decks-fences/fence-calculator/; https://takeoffmetric.com/decks-fences/deck-calculator/,site/src/data/reference/concrete.ts; site/src/engine/formulas/concrete/footing.ts; site/src/engine/formulas/concrete/concrete-cost.ts; site/src/data/reference/fence.ts; site/src/data/reference/deck.ts,"BAG_YIELDS[""60""].cuft; BAG_CUFT[""60""]; BAG_CUFT[""60""]; FENCE_BAG_YIELD_CUFT[""60""]; BAG_YIELD_CUFT[""1101-60""]",One product line; other brands publish their own yields.
CON-004,concrete,"QUIKRETE Concrete Mix No. 1101, 80 lb bag",yield of mixed concrete per bag,0.60,ft3,0.01699,m3,"mixed concrete, approximate",QUIKRETE,Concrete Mix No. 1101 data sheet,https://www.quikrete.com/PDFs/DATA_SHEET-Concrete%20Mix%201101.pdf,manufacturer_datasheet,2026-09-19,https://takeoffmetric.com/concrete/concrete-calculator/; https://takeoffmetric.com/concrete/footing-calculator/; https://takeoffmetric.com/concrete/concrete-cost-calculator/; https://takeoffmetric.com/decks-fences/fence-calculator/; https://takeoffmetric.com/decks-fences/deck-calculator/,site/src/data/reference/concrete.ts; site/src/engine/formulas/concrete/footing.ts; site/src/engine/formulas/concrete/concrete-cost.ts; site/src/data/reference/fence.ts; site/src/data/reference/deck.ts,"BAG_YIELDS[""80""].cuft; BAG_CUFT[""80""]; BAG_CUFT[""80""]; FENCE_BAG_YIELD_CUFT[""80""]; BAG_YIELD_CUFT[""1101-80""]",One product line; other brands publish their own yields.
CON-005,concrete,"QUIKRETE Concrete Mix No. 1101, 90 lb bag",yield of mixed concrete per bag,0.675,ft3,0.01911,m3,"mixed concrete, approximate",QUIKRETE,Concrete Mix No. 1101 data sheet,https://www.quikrete.com/PDFs/DATA_SHEET-Concrete%20Mix%201101.pdf,manufacturer_datasheet,2026-09-19,https://takeoffmetric.com/concrete/concrete-calculator/; https://takeoffmetric.com/concrete/footing-calculator/; https://takeoffmetric.com/concrete/concrete-cost-calculator/; https://takeoffmetric.com/decks-fences/fence-calculator/,site/src/data/reference/concrete.ts; site/src/engine/formulas/concrete/footing.ts; site/src/engine/formulas/concrete/concrete-cost.ts; site/src/data/reference/fence.ts,"BAG_YIELDS[""90""].cuft; BAG_CUFT[""90""]; BAG_CUFT[""90""]; FENCE_BAG_YIELD_CUFT[""90""]",One product line; other brands publish their own yields.
CON-006,concrete,"QUIKRETE Fast-Setting Concrete Mix No. 1004, 50 lb bag",yield of mixed concrete per bag,0.375,ft3,0.01062,m3,"mixed concrete, approximate",QUIKRETE,Fast-Setting Concrete Mix No. 1004 data sheet,https://www.quikrete.com/pdfs/data_sheet-fast%20setting%20concrete%20mix%201004-50.pdf,manufacturer_datasheet,2026-09-19,https://takeoffmetric.com/decks-fences/deck-calculator/,site/src/data/reference/deck.ts,"BAG_YIELD_CUFT[""1004-50""]",One product.
CON-007,concrete,Normal-weight concrete,"unit weight, low end of range",140,lb/ft3,2243,kg/m3,hardened,Federal Highway Administration (FHWA),"FHWA-HRT-05-057, Appendix C",https://www.fhwa.dot.gov/publications/research/infrastructure/bridge/05057/appc.cfm,federal_public_domain,2026-09-19,https://takeoffmetric.com/concrete/concrete-calculator/,site/src/data/reference/concrete.ts,CONCRETE_LB_PER_CUFT_MIN,Ledger status PARTIAL: the source supports the 140-155 range only; the range is what is listed here. Report on high-strength concrete for highway bridges. The calculator's 150 lb/ft3 default is its own editable assumption and is not listed.
CON-008,concrete,Normal-weight concrete,"unit weight, high end of range",155,lb/ft3,2483,kg/m3,hardened,Federal Highway Administration (FHWA),"FHWA-HRT-05-057, Appendix C",https://www.fhwa.dot.gov/publications/research/infrastructure/bridge/05057/appc.cfm,federal_public_domain,2026-09-19,https://takeoffmetric.com/concrete/concrete-calculator/,site/src/data/reference/concrete.ts,CONCRETE_LB_PER_CUFT_MAX,Same PARTIAL note as the low end: range only.
CON-009,concrete,"Slab on grade, control joints","maximum joint spacing, lower multiplier",24,x slab thickness,24,x slab thickness,,National Ready Mixed Concrete Association (NRMCA),"CIP 6, Joints in Concrete Slabs on Grade",https://www.nrmca.org/wp-content/uploads/2021/01/06pr.pdf,trade_association,2026-09-19,https://takeoffmetric.com/concrete/concrete-calculator/,site/src/data/reference/concrete.ts,JOINT_SPACING_MIN_X,Joint spacing = 24 to 36 times slab thickness.
CON-010,concrete,"Slab on grade, control joints","maximum joint spacing, upper multiplier",36,x slab thickness,36,x slab thickness,,National Ready Mixed Concrete Association (NRMCA),"CIP 6, Joints in Concrete Slabs on Grade",https://www.nrmca.org/wp-content/uploads/2021/01/06pr.pdf,trade_association,2026-09-19,https://takeoffmetric.com/concrete/concrete-calculator/,site/src/data/reference/concrete.ts,JOINT_SPACING_MAX_X,
CON-014,concrete,"Gravel base under slab / gravel, dry, average gradation",loose-to-compacted volume ratio,1.31,ratio,1.31,ratio,loose to embankment (compacted),FHWA Federal Lands Highway,"Project Development and Design Manual, Earthwork Design, Exhibit 5.1 A",https://highways.dot.gov/federal-lands/pddm/dpg/earthwork-design,federal_public_domain,2026-09-19,https://takeoffmetric.com/concrete/concrete-calculator/; https://takeoffmetric.com/earthwork/gravel-calculator/,site/src/data/reference/concrete.ts; site/src/data/reference/aggregates.ts,BASE_FHWA_RATIO; R_GRAVEL,"Arithmetic from Exhibit 5.1 A: embankment 3,570 / loose 2,730 lb/yd3. Highway embankment, not a plate-compacted layer; FHWA gives the exhibit for estimating before project-specific data."
REB-001,rebar,Reinforcing bar #3,nominal diameter,0.375,in,9.525,mm,,Texas Department of Transportation,"2024 Standard Specifications, Item 440, Table 1",https://ftp.txdot.gov/pub/txdot-info/cmd/cserve/specs/2024/standard/s440.pdf,other,2026-09-19,https://takeoffmetric.com/concrete/rebar-calculator/,site/src/data/reference/rebar.ts,"BAR_DIAMETER_IN[""3""]",State DOT specification (Texas).
REB-002,rebar,Reinforcing bar #3,nominal weight per foot,0.376,lb/ft,0.5595,kg/m,,Texas Department of Transportation,"2024 Standard Specifications, Item 440, Table 1",https://ftp.txdot.gov/pub/txdot-info/cmd/cserve/specs/2024/standard/s440.pdf,other,2026-09-19,https://takeoffmetric.com/concrete/rebar-calculator/,site/src/data/reference/rebar.ts,"BAR_WEIGHT_LB_FT[""3""]",State DOT specification (Texas).
REB-003,rebar,Reinforcing bar #4,nominal diameter,0.500,in,12.7,mm,,Texas Department of Transportation,"2024 Standard Specifications, Item 440, Table 1",https://ftp.txdot.gov/pub/txdot-info/cmd/cserve/specs/2024/standard/s440.pdf,other,2026-09-19,https://takeoffmetric.com/concrete/rebar-calculator/,site/src/data/reference/rebar.ts,"BAR_DIAMETER_IN[""4""]",State DOT specification (Texas).
REB-004,rebar,Reinforcing bar #4,nominal weight per foot,0.668,lb/ft,0.9941,kg/m,,Texas Department of Transportation,"2024 Standard Specifications, Item 440, Table 1",https://ftp.txdot.gov/pub/txdot-info/cmd/cserve/specs/2024/standard/s440.pdf,other,2026-09-19,https://takeoffmetric.com/concrete/rebar-calculator/,site/src/data/reference/rebar.ts,"BAR_WEIGHT_LB_FT[""4""]",State DOT specification (Texas).
REB-005,rebar,Reinforcing bar #5,nominal diameter,0.625,in,15.88,mm,,Texas Department of Transportation,"2024 Standard Specifications, Item 440, Table 1",https://ftp.txdot.gov/pub/txdot-info/cmd/cserve/specs/2024/standard/s440.pdf,other,2026-09-19,https://takeoffmetric.com/concrete/rebar-calculator/,site/src/data/reference/rebar.ts,"BAR_DIAMETER_IN[""5""]",State DOT specification (Texas).
REB-006,rebar,Reinforcing bar #5,nominal weight per foot,1.043,lb/ft,1.552,kg/m,,Texas Department of Transportation,"2024 Standard Specifications, Item 440, Table 1",https://ftp.txdot.gov/pub/txdot-info/cmd/cserve/specs/2024/standard/s440.pdf,other,2026-09-19,https://takeoffmetric.com/concrete/rebar-calculator/,site/src/data/reference/rebar.ts,"BAR_WEIGHT_LB_FT[""5""]",State DOT specification (Texas).
REB-007,rebar,Reinforcing bar #6,nominal diameter,0.750,in,19.05,mm,,Texas Department of Transportation,"2024 Standard Specifications, Item 440, Table 1",https://ftp.txdot.gov/pub/txdot-info/cmd/cserve/specs/2024/standard/s440.pdf,other,2026-09-19,https://takeoffmetric.com/concrete/rebar-calculator/,site/src/data/reference/rebar.ts,"BAR_DIAMETER_IN[""6""]",State DOT specification (Texas).
REB-008,rebar,Reinforcing bar #6,nominal weight per foot,1.502,lb/ft,2.235,kg/m,,Texas Department of Transportation,"2024 Standard Specifications, Item 440, Table 1",https://ftp.txdot.gov/pub/txdot-info/cmd/cserve/specs/2024/standard/s440.pdf,other,2026-09-19,https://takeoffmetric.com/concrete/rebar-calculator/,site/src/data/reference/rebar.ts,"BAR_WEIGHT_LB_FT[""6""]",State DOT specification (Texas).
REB-009,rebar,Reinforcing bar #7,nominal diameter,0.875,in,22.22,mm,,Texas Department of Transportation,"2024 Standard Specifications, Item 440, Table 1",https://ftp.txdot.gov/pub/txdot-info/cmd/cserve/specs/2024/standard/s440.pdf,other,2026-09-19,https://takeoffmetric.com/concrete/rebar-calculator/,site/src/data/reference/rebar.ts,"BAR_DIAMETER_IN[""7""]",State DOT specification (Texas).
REB-010,rebar,Reinforcing bar #7,nominal weight per foot,2.044,lb/ft,3.042,kg/m,,Texas Department of Transportation,"2024 Standard Specifications, Item 440, Table 1",https://ftp.txdot.gov/pub/txdot-info/cmd/cserve/specs/2024/standard/s440.pdf,other,2026-09-19,https://takeoffmetric.com/concrete/rebar-calculator/,site/src/data/reference/rebar.ts,"BAR_WEIGHT_LB_FT[""7""]",State DOT specification (Texas).
REB-011,rebar,Reinforcing bar #8,nominal diameter,1.000,in,25.4,mm,,Texas Department of Transportation,"2024 Standard Specifications, Item 440, Table 1",https://ftp.txdot.gov/pub/txdot-info/cmd/cserve/specs/2024/standard/s440.pdf,other,2026-09-19,https://takeoffmetric.com/concrete/rebar-calculator/,site/src/data/reference/rebar.ts,"BAR_DIAMETER_IN[""8""]",State DOT specification (Texas).
REB-012,rebar,Reinforcing bar #8,nominal weight per foot,2.670,lb/ft,3.973,kg/m,,Texas Department of Transportation,"2024 Standard Specifications, Item 440, Table 1",https://ftp.txdot.gov/pub/txdot-info/cmd/cserve/specs/2024/standard/s440.pdf,other,2026-09-19,https://takeoffmetric.com/concrete/rebar-calculator/,site/src/data/reference/rebar.ts,"BAR_WEIGHT_LB_FT[""8""]",State DOT specification (Texas).
REB-013,rebar,"Reinforcing bar, mill stock length",stock length option 1,20,ft,6.096,m,one producer's mill lengths,Nucor,"Steel Rebar (product page, FAQ)",https://nucor.com/products/rebar/,manufacturer_datasheet,2026-09-19,https://takeoffmetric.com/concrete/rebar-calculator/,site/src/data/reference/rebar.ts,STOCK_LENGTH_FT[0],Mill lengths of one producer; retail stock lengths may differ.
REB-014,rebar,"Reinforcing bar, mill stock length",stock length option 2,40,ft,12.19,m,one producer's mill lengths,Nucor,"Steel Rebar (product page, FAQ)",https://nucor.com/products/rebar/,manufacturer_datasheet,2026-09-19,https://takeoffmetric.com/concrete/rebar-calculator/,site/src/data/reference/rebar.ts,STOCK_LENGTH_FT[1],Mill lengths of one producer; retail stock lengths may differ.
REB-015,rebar,"Reinforcing bar, mill stock length",stock length option 3,60,ft,18.29,m,one producer's mill lengths,Nucor,"Steel Rebar (product page, FAQ)",https://nucor.com/products/rebar/,manufacturer_datasheet,2026-09-19,https://takeoffmetric.com/concrete/rebar-calculator/,site/src/data/reference/rebar.ts,STOCK_LENGTH_FT[2],Mill lengths of one producer; retail stock lengths may differ.
AGG-001,aggregates,"Gravel, dry, 1/4-2 in","mass density, loose dry",2850,lb/yd3,1691,kg/m3,"loose, dry",Caterpillar,Material Density Tables To Help Estimate Earthwork Volumes,https://www.cat.com/en_US/articles/ci-articles/earthwork-volumes-reference-tables.html,manufacturer_datasheet,2026-09-19,https://takeoffmetric.com/earthwork/gravel-calculator/,site/src/data/reference/aggregates.ts,"AGGREGATES[""gravel-14-2""].dry",Manufacturer engineering reference table. Caterpillar also prints its own kg/m3 column.
AGG-002,aggregates,"Gravel, dry, 1/4-2 in","mass density, bank",3200,lb/yd3,1898,kg/m3,"bank (in place, undisturbed)",Caterpillar,Material Density Tables To Help Estimate Earthwork Volumes,https://www.cat.com/en_US/articles/ci-articles/earthwork-volumes-reference-tables.html,manufacturer_datasheet,2026-09-19,https://takeoffmetric.com/earthwork/gravel-calculator/,site/src/data/reference/aggregates.ts,"AGGREGATES[""gravel-14-2""].bank",Manufacturer engineering reference table. Caterpillar also prints its own kg/m3 column. Bank = in its natural deposit; used by the calculator only as a stand-in where stated on the page.
AGG-003,aggregates,"Gravel, wet, 1/4-2 in","mass density, loose wet",3400,lb/yd3,2017,kg/m3,"loose, wet",Caterpillar,Material Density Tables To Help Estimate Earthwork Volumes,https://www.cat.com/en_US/articles/ci-articles/earthwork-volumes-reference-tables.html,manufacturer_datasheet,2026-09-19,https://takeoffmetric.com/earthwork/gravel-calculator/,site/src/data/reference/aggregates.ts,"AGGREGATES[""gravel-14-2""].wet",Manufacturer engineering reference table. Caterpillar also prints its own kg/m3 column.
AGG-004,aggregates,"Gravel, dry (unsized)","mass density, loose dry",2550,lb/yd3,1513,kg/m3,"loose, dry",Caterpillar,Material Density Tables To Help Estimate Earthwork Volumes,https://www.cat.com/en_US/articles/ci-articles/earthwork-volumes-reference-tables.html,manufacturer_datasheet,2026-09-19,https://takeoffmetric.com/earthwork/gravel-calculator/,site/src/data/reference/aggregates.ts,"AGGREGATES[""gravel-dry""].dry",Manufacturer engineering reference table. Caterpillar also prints its own kg/m3 column.
AGG-005,aggregates,"Gravel, dry (unsized)","mass density, bank",2850,lb/yd3,1691,kg/m3,"bank (in place, undisturbed)",Caterpillar,Material Density Tables To Help Estimate Earthwork Volumes,https://www.cat.com/en_US/articles/ci-articles/earthwork-volumes-reference-tables.html,manufacturer_datasheet,2026-09-19,https://takeoffmetric.com/earthwork/gravel-calculator/,site/src/data/reference/aggregates.ts,"AGGREGATES[""gravel-dry""].bank",Manufacturer engineering reference table. Caterpillar also prints its own kg/m3 column. Bank = in its natural deposit; used by the calculator only as a stand-in where stated on the page.
AGG-006,aggregates,"Gravel, pit run","mass density, loose",3250,lb/yd3,1928,kg/m3,loose,Caterpillar,Material Density Tables To Help Estimate Earthwork Volumes,https://www.cat.com/en_US/articles/ci-articles/earthwork-volumes-reference-tables.html,manufacturer_datasheet,2026-09-19,https://takeoffmetric.com/earthwork/gravel-calculator/,site/src/data/reference/aggregates.ts,"AGGREGATES[""gravel-pitrun""].dry",Manufacturer engineering reference table. Caterpillar also prints its own kg/m3 column.
AGG-007,aggregates,"Gravel, pit run","mass density, bank",3650,lb/yd3,2165,kg/m3,"bank (in place, undisturbed)",Caterpillar,Material Density Tables To Help Estimate Earthwork Volumes,https://www.cat.com/en_US/articles/ci-articles/earthwork-volumes-reference-tables.html,manufacturer_datasheet,2026-09-19,https://takeoffmetric.com/earthwork/gravel-calculator/,site/src/data/reference/aggregates.ts,"AGGREGATES[""gravel-pitrun""].bank",Manufacturer engineering reference table. Caterpillar also prints its own kg/m3 column. Bank = in its natural deposit; used by the calculator only as a stand-in where stated on the page.
AGG-008,aggregates,Crushed stone,"mass density, loose",2700,lb/yd3,1602,kg/m3,loose,Caterpillar,Material Density Tables To Help Estimate Earthwork Volumes,https://www.cat.com/en_US/articles/ci-articles/earthwork-volumes-reference-tables.html,manufacturer_datasheet,2026-09-19,https://takeoffmetric.com/earthwork/gravel-calculator/; https://takeoffmetric.com/masonry/paver-base-calculator/,site/src/data/reference/aggregates.ts; site/src/data/reference/paver-base.ts,"AGGREGATES[""crushed-stone""].dry; CRUSHED_STONE_LB_CUYD",Manufacturer engineering reference table. Caterpillar also prints its own kg/m3 column. The same table's crushed-stone bank figure describes solid rock before blasting and is deliberately not used.
AGG-009,aggregates,"Sand and gravel, dry","mass density, loose dry",2900,lb/yd3,1721,kg/m3,"loose, dry",Caterpillar,Material Density Tables To Help Estimate Earthwork Volumes,https://www.cat.com/en_US/articles/ci-articles/earthwork-volumes-reference-tables.html,manufacturer_datasheet,2026-09-19,https://takeoffmetric.com/earthwork/gravel-calculator/,site/src/data/reference/aggregates.ts,"AGGREGATES[""sand-gravel""].dry",Manufacturer engineering reference table. Caterpillar also prints its own kg/m3 column.
AGG-010,aggregates,"Sand and gravel, dry","mass density, bank",3250,lb/yd3,1928,kg/m3,"bank (in place, undisturbed)",Caterpillar,Material Density Tables To Help Estimate Earthwork Volumes,https://www.cat.com/en_US/articles/ci-articles/earthwork-volumes-reference-tables.html,manufacturer_datasheet,2026-09-19,https://takeoffmetric.com/earthwork/gravel-calculator/,site/src/data/reference/aggregates.ts,"AGGREGATES[""sand-gravel""].bank",Manufacturer engineering reference table. Caterpillar also prints its own kg/m3 column. Bank = in its natural deposit; used by the calculator only as a stand-in where stated on the page.
AGG-011,aggregates,"Sand and gravel, wet","mass density, loose wet",3400,lb/yd3,2017,kg/m3,"loose, wet",Caterpillar,Material Density Tables To Help Estimate Earthwork Volumes,https://www.cat.com/en_US/articles/ci-articles/earthwork-volumes-reference-tables.html,manufacturer_datasheet,2026-09-19,https://takeoffmetric.com/earthwork/gravel-calculator/,site/src/data/reference/aggregates.ts,"AGGREGATES[""sand-gravel""].wet",Manufacturer engineering reference table. Caterpillar also prints its own kg/m3 column.
AGG-012,aggregates,"Sand, dry","mass density, loose dry",2400,lb/yd3,1424,kg/m3,"loose, dry",Caterpillar,Material Density Tables To Help Estimate Earthwork Volumes,https://www.cat.com/en_US/articles/ci-articles/earthwork-volumes-reference-tables.html,manufacturer_datasheet,2026-09-19,https://takeoffmetric.com/earthwork/gravel-calculator/; https://takeoffmetric.com/earthwork/sand-calculator/; https://takeoffmetric.com/masonry/paver-base-calculator/,site/src/data/reference/aggregates.ts; site/src/data/reference/sand.ts; site/src/data/reference/paver-base.ts,"AGGREGATES[""sand""].dry; SAND_ROWS[""dry""].loose; SAND_DRY_LB_CUYD",Manufacturer engineering reference table. Caterpillar also prints its own kg/m3 column.
AGG-013,aggregates,"Sand, dry","mass density, bank",2700,lb/yd3,1602,kg/m3,"bank (in place, undisturbed)",Caterpillar,Material Density Tables To Help Estimate Earthwork Volumes,https://www.cat.com/en_US/articles/ci-articles/earthwork-volumes-reference-tables.html,manufacturer_datasheet,2026-09-19,https://takeoffmetric.com/earthwork/gravel-calculator/; https://takeoffmetric.com/earthwork/sand-calculator/,site/src/data/reference/aggregates.ts; site/src/data/reference/sand.ts,"AGGREGATES[""sand""].bank; SAND_ROWS[""dry""].bank",Manufacturer engineering reference table. Caterpillar also prints its own kg/m3 column. Bank = in its natural deposit; used by the calculator only as a stand-in where stated on the page.
AGG-014,aggregates,"Sand, damp","mass density, loose damp",2850,lb/yd3,1691,kg/m3,"loose, damp",Caterpillar,Material Density Tables To Help Estimate Earthwork Volumes,https://www.cat.com/en_US/articles/ci-articles/earthwork-volumes-reference-tables.html,manufacturer_datasheet,2026-09-19,https://takeoffmetric.com/earthwork/gravel-calculator/; https://takeoffmetric.com/earthwork/sand-calculator/,site/src/data/reference/aggregates.ts; site/src/data/reference/sand.ts,"AGGREGATES[""sand""].damp; SAND_ROWS[""damp""].loose",Manufacturer engineering reference table. Caterpillar also prints its own kg/m3 column.
AGG-015,aggregates,"Sand, damp","mass density, bank",3200,lb/yd3,1898,kg/m3,"bank (in place, undisturbed)",Caterpillar,Material Density Tables To Help Estimate Earthwork Volumes,https://www.cat.com/en_US/articles/ci-articles/earthwork-volumes-reference-tables.html,manufacturer_datasheet,2026-09-19,https://takeoffmetric.com/earthwork/sand-calculator/,site/src/data/reference/sand.ts,"SAND_ROWS[""damp""].bank",Manufacturer engineering reference table. Caterpillar also prints its own kg/m3 column. Bank = in its natural deposit; used by the calculator only as a stand-in where stated on the page.
AGG-016,aggregates,"Sand, wet","mass density, loose wet",3100,lb/yd3,1839,kg/m3,"loose, wet",Caterpillar,Material Density Tables To Help Estimate Earthwork Volumes,https://www.cat.com/en_US/articles/ci-articles/earthwork-volumes-reference-tables.html,manufacturer_datasheet,2026-09-19,https://takeoffmetric.com/earthwork/gravel-calculator/; https://takeoffmetric.com/earthwork/sand-calculator/,site/src/data/reference/aggregates.ts; site/src/data/reference/sand.ts,"AGGREGATES[""sand""].wet; SAND_ROWS[""wet""].loose",Manufacturer engineering reference table. Caterpillar also prints its own kg/m3 column.
AGG-017,aggregates,"Sand, wet","mass density, bank",3500,lb/yd3,2076,kg/m3,"bank (in place, undisturbed)",Caterpillar,Material Density Tables To Help Estimate Earthwork Volumes,https://www.cat.com/en_US/articles/ci-articles/earthwork-volumes-reference-tables.html,manufacturer_datasheet,2026-09-19,https://takeoffmetric.com/earthwork/sand-calculator/,site/src/data/reference/sand.ts,"SAND_ROWS[""wet""].bank",Manufacturer engineering reference table. Caterpillar also prints its own kg/m3 column. Bank = in its natural deposit; used by the calculator only as a stand-in where stated on the page.
AGG-018,aggregates,Top soil,"mass density, loose",1600,lb/yd3,949.2,kg/m3,loose,Caterpillar,Material Density Tables To Help Estimate Earthwork Volumes,https://www.cat.com/en_US/articles/ci-articles/earthwork-volumes-reference-tables.html,manufacturer_datasheet,2026-09-19,https://takeoffmetric.com/earthwork/gravel-calculator/; https://takeoffmetric.com/earthwork/topsoil-calculator/,site/src/data/reference/aggregates.ts; site/src/data/reference/topsoil.ts,"AGGREGATES[""topsoil""].dry; TOPSOIL_LOOSE_LB_CUYD_CAT",Manufacturer engineering reference table. Caterpillar also prints its own kg/m3 column.
AGG-019,aggregates,Top soil,"mass density, bank",2300,lb/yd3,1365,kg/m3,"bank (in place, undisturbed)",Caterpillar,Material Density Tables To Help Estimate Earthwork Volumes,https://www.cat.com/en_US/articles/ci-articles/earthwork-volumes-reference-tables.html,manufacturer_datasheet,2026-09-19,https://takeoffmetric.com/earthwork/gravel-calculator/,site/src/data/reference/aggregates.ts,"AGGREGATES[""topsoil""].bank",Manufacturer engineering reference table. Caterpillar also prints its own kg/m3 column. Bank = in its natural deposit; used by the calculator only as a stand-in where stated on the page.
AGG-020,aggregates,"Earth, loam","mass density, loose",2100,lb/yd3,1246,kg/m3,loose,Caterpillar,Material Density Tables To Help Estimate Earthwork Volumes,https://www.cat.com/en_US/articles/ci-articles/earthwork-volumes-reference-tables.html,manufacturer_datasheet,2026-09-19,https://takeoffmetric.com/earthwork/gravel-calculator/,site/src/data/reference/aggregates.ts,"AGGREGATES[""earth-loam""].dry",Manufacturer engineering reference table. Caterpillar also prints its own kg/m3 column.
AGG-021,aggregates,"Earth, loam","mass density, bank",2600,lb/yd3,1543,kg/m3,"bank (in place, undisturbed)",Caterpillar,Material Density Tables To Help Estimate Earthwork Volumes,https://www.cat.com/en_US/articles/ci-articles/earthwork-volumes-reference-tables.html,manufacturer_datasheet,2026-09-19,https://takeoffmetric.com/earthwork/gravel-calculator/,site/src/data/reference/aggregates.ts,"AGGREGATES[""earth-loam""].bank",Manufacturer engineering reference table. Caterpillar also prints its own kg/m3 column. Bank = in its natural deposit; used by the calculator only as a stand-in where stated on the page.
AGG-022,aggregates,River rock,mass density as delivered,2800,lb/yd3,1661,kg/m3,as delivered (supplier chart),Marenakos Rock Center,Conversion and coverages,https://marenakos.com/conversion-and-coverages/,supplier,2026-09-22,https://takeoffmetric.com/earthwork/gravel-calculator/,site/src/data/reference/aggregates.ts,"AGGREGATES[""river-rock""].damp",One supplier's chart; weights vary with moisture. Ledger PARTIAL upgraded to VERIFIED at the 2026-09-22 re-check.
AGG-023,aggregates,Crushed granite,mass density as delivered,2500,lb/yd3,1483,kg/m3,as delivered (supplier chart),Marenakos Rock Center,Conversion and coverages,https://marenakos.com/conversion-and-coverages/,supplier,2026-09-22,https://takeoffmetric.com/earthwork/gravel-calculator/,site/src/data/reference/aggregates.ts,"AGGREGATES[""crushed-granite""].damp",One supplier's chart; weights vary with moisture. Ledger PARTIAL upgraded to VERIFIED at the 2026-09-22 re-check.
AGG-024,aggregates,Sand / gravel / decomposed granite / rock / river cobble,mass density as delivered,2700,lb/yd3,1602,kg/m3,as delivered (supplier chart),North Bay Materials,Cubic Yard to Tons material calculator and density chart,https://www.northbaymaterials.com/landscape-material-density-calculator,supplier,2026-09-22,https://takeoffmetric.com/earthwork/gravel-calculator/,site/src/data/reference/aggregates.ts,"AGGREGATES[""landscape-mix""].damp","Source prints 1.35 tons per cubic yard (= 2,700 lb) with a 2,500-2,900 lb range; the supplier notes weights vary with moisture. Ledger PARTIAL upgraded to VERIFIED at the 2026-09-22 re-check."
AGG-025,aggregates,"Sand, dry",loose-to-compacted volume ratio,1.25,ratio,1.25,ratio,loose to embankment (compacted),FHWA Federal Lands Highway,"Project Development and Design Manual, Earthwork Design, Exhibit 5.1 A",https://highways.dot.gov/federal-lands/pddm/dpg/earthwork-design,federal_public_domain,2026-09-19,https://takeoffmetric.com/earthwork/sand-calculator/; https://takeoffmetric.com/earthwork/gravel-calculator/,site/src/data/reference/sand.ts; site/src/data/reference/aggregates.ts,"FHWA_SAND_RATIO; AGGREGATES[""sand""].r","Arithmetic from Exhibit 5.1 A: embankment 3,240 / loose 2,590 lb/yd3. Highway embankment, not a plate-compacted layer."
EW-001,earthwork,"Earth, loam, dry","mass density, in situ",3030,lb/yd3,1798,kg/m3,in situ (bank),FHWA Federal Lands Highway,"Project Development and Design Manual, Earthwork Design, Exhibit 5.1 A",https://highways.dot.gov/federal-lands/pddm/dpg/earthwork-design,federal_public_domain,2026-09-19,https://takeoffmetric.com/earthwork/fill-dirt-calculator/; https://takeoffmetric.com/measure/cubic-yard-calculator/,site/src/data/reference/fill-dirt.ts; site/src/data/reference/cubic-yard.ts,"FILL_DIRT_ROWS[""loam-dry""].inSitu; SWELL_ROWS[""loam-dry""].inSitu",FHWA Exhibit 5.1 A; FHWA gives these values for estimating before project-specific geotechnical data.
EW-002,earthwork,"Earth, loam, dry","mass density, loose",2070,lb/yd3,1228,kg/m3,loose,FHWA Federal Lands Highway,"Project Development and Design Manual, Earthwork Design, Exhibit 5.1 A",https://highways.dot.gov/federal-lands/pddm/dpg/earthwork-design,federal_public_domain,2026-09-19,https://takeoffmetric.com/earthwork/fill-dirt-calculator/; https://takeoffmetric.com/measure/cubic-yard-calculator/,site/src/data/reference/fill-dirt.ts; site/src/data/reference/cubic-yard.ts,"FILL_DIRT_ROWS[""loam-dry""].loose; SWELL_ROWS[""loam-dry""].loose",FHWA Exhibit 5.1 A; FHWA gives these values for estimating before project-specific geotechnical data.
EW-003,earthwork,"Earth, loam, dry",loose-to-compacted volume ratio,1.70,ratio,1.7,ratio,loose to embankment (compacted),FHWA Federal Lands Highway,"Project Development and Design Manual, Earthwork Design, Exhibit 5.1 A",https://highways.dot.gov/federal-lands/pddm/dpg/earthwork-design,federal_public_domain,2026-09-19,https://takeoffmetric.com/earthwork/fill-dirt-calculator/,site/src/data/reference/fill-dirt.ts,"FILL_DIRT_ROWS[""loam-dry""].looseToCompacted","Arithmetic: embankment / loose, rounded to 2 decimals. Highway embankment compaction; the fill-dirt calculator applies it only when the user asks for a compacted volume. FHWA Exhibit 5.1 A; FHWA gives these values for estimating before project-specific geotechnical data."
EW-004,earthwork,"Earth, loam, dry",in-situ-to-loose volume ratio (swell),1.46,ratio,1.46,ratio,in situ to loose,FHWA Federal Lands Highway,"Project Development and Design Manual, Earthwork Design, Exhibit 5.1 A",https://highways.dot.gov/federal-lands/pddm/dpg/earthwork-design,federal_public_domain,2026-09-19,https://takeoffmetric.com/earthwork/fill-dirt-calculator/; https://takeoffmetric.com/measure/cubic-yard-calculator/,site/src/data/reference/fill-dirt.ts; site/src/data/reference/cubic-yard.ts,"FILL_DIRT_ROWS[""loam-dry""].inSituToLoose; SWELL_ROWS[""loam-dry""].factor","Arithmetic: in situ / loose, rounded to 2 decimals. FHWA Exhibit 5.1 A; FHWA gives these values for estimating before project-specific geotechnical data."
EW-005,earthwork,"Earth, loam, damp","mass density, in situ",3370,lb/yd3,1999,kg/m3,in situ (bank),FHWA Federal Lands Highway,"Project Development and Design Manual, Earthwork Design, Exhibit 5.1 A",https://highways.dot.gov/federal-lands/pddm/dpg/earthwork-design,federal_public_domain,2026-09-19,https://takeoffmetric.com/earthwork/fill-dirt-calculator/; https://takeoffmetric.com/measure/cubic-yard-calculator/,site/src/data/reference/fill-dirt.ts; site/src/data/reference/cubic-yard.ts,"FILL_DIRT_ROWS[""loam-damp""].inSitu; SWELL_ROWS[""loam-damp""].inSitu",FHWA Exhibit 5.1 A; FHWA gives these values for estimating before project-specific geotechnical data.
EW-006,earthwork,"Earth, loam, damp","mass density, loose",2360,lb/yd3,1400,kg/m3,loose,FHWA Federal Lands Highway,"Project Development and Design Manual, Earthwork Design, Exhibit 5.1 A",https://highways.dot.gov/federal-lands/pddm/dpg/earthwork-design,federal_public_domain,2026-09-19,https://takeoffmetric.com/earthwork/fill-dirt-calculator/; https://takeoffmetric.com/measure/cubic-yard-calculator/,site/src/data/reference/fill-dirt.ts; site/src/data/reference/cubic-yard.ts,"FILL_DIRT_ROWS[""loam-damp""].loose; SWELL_ROWS[""loam-damp""].loose",FHWA Exhibit 5.1 A; FHWA gives these values for estimating before project-specific geotechnical data.
EW-007,earthwork,"Earth, loam, damp",loose-to-compacted volume ratio,1.49,ratio,1.49,ratio,loose to embankment (compacted),FHWA Federal Lands Highway,"Project Development and Design Manual, Earthwork Design, Exhibit 5.1 A",https://highways.dot.gov/federal-lands/pddm/dpg/earthwork-design,federal_public_domain,2026-09-19,https://takeoffmetric.com/earthwork/fill-dirt-calculator/,site/src/data/reference/fill-dirt.ts,"FILL_DIRT_ROWS[""loam-damp""].looseToCompacted","Arithmetic: embankment / loose, rounded to 2 decimals. Highway embankment compaction; the fill-dirt calculator applies it only when the user asks for a compacted volume. FHWA Exhibit 5.1 A; FHWA gives these values for estimating before project-specific geotechnical data."
EW-008,earthwork,"Earth, loam, damp",in-situ-to-loose volume ratio (swell),1.43,ratio,1.43,ratio,in situ to loose,FHWA Federal Lands Highway,"Project Development and Design Manual, Earthwork Design, Exhibit 5.1 A",https://highways.dot.gov/federal-lands/pddm/dpg/earthwork-design,federal_public_domain,2026-09-19,https://takeoffmetric.com/earthwork/fill-dirt-calculator/; https://takeoffmetric.com/measure/cubic-yard-calculator/,site/src/data/reference/fill-dirt.ts; site/src/data/reference/cubic-yard.ts,"FILL_DIRT_ROWS[""loam-damp""].inSituToLoose; SWELL_ROWS[""loam-damp""].factor","Arithmetic: in situ / loose, rounded to 2 decimals. FHWA Exhibit 5.1 A; FHWA gives these values for estimating before project-specific geotechnical data."
EW-009,earthwork,"Earth, loam, wet","mass density, in situ",2940,lb/yd3,1744,kg/m3,in situ (bank),FHWA Federal Lands Highway,"Project Development and Design Manual, Earthwork Design, Exhibit 5.1 A",https://highways.dot.gov/federal-lands/pddm/dpg/earthwork-design,federal_public_domain,2026-09-19,https://takeoffmetric.com/earthwork/fill-dirt-calculator/; https://takeoffmetric.com/measure/cubic-yard-calculator/,site/src/data/reference/fill-dirt.ts; site/src/data/reference/cubic-yard.ts,"FILL_DIRT_ROWS[""loam-wet""].inSitu; SWELL_ROWS[""loam-wet""].inSitu",FHWA Exhibit 5.1 A; FHWA gives these values for estimating before project-specific geotechnical data.
EW-010,earthwork,"Earth, loam, wet","mass density, loose",2940,lb/yd3,1744,kg/m3,loose,FHWA Federal Lands Highway,"Project Development and Design Manual, Earthwork Design, Exhibit 5.1 A",https://highways.dot.gov/federal-lands/pddm/dpg/earthwork-design,federal_public_domain,2026-09-19,https://takeoffmetric.com/earthwork/fill-dirt-calculator/; https://takeoffmetric.com/measure/cubic-yard-calculator/,site/src/data/reference/fill-dirt.ts; site/src/data/reference/cubic-yard.ts,"FILL_DIRT_ROWS[""loam-wet""].loose; SWELL_ROWS[""loam-wet""].loose",FHWA Exhibit 5.1 A; FHWA gives these values for estimating before project-specific geotechnical data.
EW-011,earthwork,"Earth, loam, wet",loose-to-compacted volume ratio,1.20,ratio,1.2,ratio,loose to embankment (compacted),FHWA Federal Lands Highway,"Project Development and Design Manual, Earthwork Design, Exhibit 5.1 A",https://highways.dot.gov/federal-lands/pddm/dpg/earthwork-design,federal_public_domain,2026-09-19,https://takeoffmetric.com/earthwork/fill-dirt-calculator/,site/src/data/reference/fill-dirt.ts,"FILL_DIRT_ROWS[""loam-wet""].looseToCompacted","Arithmetic: embankment / loose, rounded to 2 decimals. Highway embankment compaction; the fill-dirt calculator applies it only when the user asks for a compacted volume. FHWA Exhibit 5.1 A; FHWA gives these values for estimating before project-specific geotechnical data."
EW-012,earthwork,"Earth, loam, wet",in-situ-to-loose volume ratio (swell),1.00,ratio,1,ratio,in situ to loose,FHWA Federal Lands Highway,"Project Development and Design Manual, Earthwork Design, Exhibit 5.1 A",https://highways.dot.gov/federal-lands/pddm/dpg/earthwork-design,federal_public_domain,2026-09-19,https://takeoffmetric.com/earthwork/fill-dirt-calculator/; https://takeoffmetric.com/measure/cubic-yard-calculator/,site/src/data/reference/fill-dirt.ts; site/src/data/reference/cubic-yard.ts,"FILL_DIRT_ROWS[""loam-wet""].inSituToLoose; SWELL_ROWS[""loam-wet""].factor","Arithmetic: in situ / loose, rounded to 2 decimals. FHWA Exhibit 5.1 A; FHWA gives these values for estimating before project-specific geotechnical data."
EW-013,earthwork,Topsoil,"mass density, in situ",2430,lb/yd3,1442,kg/m3,in situ (bank),FHWA Federal Lands Highway,"Project Development and Design Manual, Earthwork Design, Exhibit 5.1 A",https://highways.dot.gov/federal-lands/pddm/dpg/earthwork-design,federal_public_domain,2026-09-19,https://takeoffmetric.com/earthwork/fill-dirt-calculator/; https://takeoffmetric.com/measure/cubic-yard-calculator/,site/src/data/reference/fill-dirt.ts; site/src/data/reference/cubic-yard.ts,"FILL_DIRT_ROWS[""topsoil""].inSitu; SWELL_ROWS[""topsoil""].inSitu",FHWA Exhibit 5.1 A; FHWA gives these values for estimating before project-specific geotechnical data.
EW-014,earthwork,Topsoil,"mass density, loose",1620,lb/yd3,961.1,kg/m3,loose,FHWA Federal Lands Highway,"Project Development and Design Manual, Earthwork Design, Exhibit 5.1 A",https://highways.dot.gov/federal-lands/pddm/dpg/earthwork-design,federal_public_domain,2026-09-19,https://takeoffmetric.com/earthwork/fill-dirt-calculator/; https://takeoffmetric.com/measure/cubic-yard-calculator/; https://takeoffmetric.com/earthwork/topsoil-calculator/,site/src/data/reference/fill-dirt.ts; site/src/data/reference/cubic-yard.ts; site/src/data/reference/topsoil.ts,"FILL_DIRT_ROWS[""topsoil""].loose; SWELL_ROWS[""topsoil""].loose; TOPSOIL_LOOSE_LB_CUYD",FHWA Exhibit 5.1 A; FHWA gives these values for estimating before project-specific geotechnical data.
EW-015,earthwork,Topsoil,loose-to-compacted volume ratio,2.02,ratio,2.02,ratio,loose to embankment (compacted),FHWA Federal Lands Highway,"Project Development and Design Manual, Earthwork Design, Exhibit 5.1 A",https://highways.dot.gov/federal-lands/pddm/dpg/earthwork-design,federal_public_domain,2026-09-19,https://takeoffmetric.com/earthwork/fill-dirt-calculator/,site/src/data/reference/fill-dirt.ts,"FILL_DIRT_ROWS[""topsoil""].looseToCompacted","Arithmetic: embankment / loose, rounded to 2 decimals. Highway embankment compaction; the fill-dirt calculator applies it only when the user asks for a compacted volume. FHWA Exhibit 5.1 A; FHWA gives these values for estimating before project-specific geotechnical data."
EW-016,earthwork,Topsoil,in-situ-to-loose volume ratio (swell),1.50,ratio,1.5,ratio,in situ to loose,FHWA Federal Lands Highway,"Project Development and Design Manual, Earthwork Design, Exhibit 5.1 A",https://highways.dot.gov/federal-lands/pddm/dpg/earthwork-design,federal_public_domain,2026-09-19,https://takeoffmetric.com/earthwork/fill-dirt-calculator/; https://takeoffmetric.com/measure/cubic-yard-calculator/,site/src/data/reference/fill-dirt.ts; site/src/data/reference/cubic-yard.ts,"FILL_DIRT_ROWS[""topsoil""].inSituToLoose; SWELL_ROWS[""topsoil""].factor","Arithmetic: in situ / loose, rounded to 2 decimals. FHWA Exhibit 5.1 A; FHWA gives these values for estimating before project-specific geotechnical data."
EW-017,earthwork,"Earth, loam (dry, damp or wet)","mass density, embankment (compacted)",3520,lb/yd3,2088,kg/m3,embankment (compacted highway fill),FHWA Federal Lands Highway,"Project Development and Design Manual, Earthwork Design, Exhibit 5.1 A",https://highways.dot.gov/federal-lands/pddm/dpg/earthwork-design,federal_public_domain,2026-09-19,https://takeoffmetric.com/earthwork/fill-dirt-calculator/,site/src/data/reference/fill-dirt.ts; site/src/data/reference/fill-dirt.ts; site/src/data/reference/fill-dirt.ts,"FILL_DIRT_ROWS[""loam-dry""].embankment; FILL_DIRT_ROWS[""loam-damp""].embankment; FILL_DIRT_ROWS[""loam-wet""].embankment",The exhibit prints one embankment value for the three loam rows. FHWA Exhibit 5.1 A; FHWA gives these values for estimating before project-specific geotechnical data.
EW-018,earthwork,Topsoil,"mass density, embankment (compacted)",3280,lb/yd3,1946,kg/m3,embankment (compacted highway fill),FHWA Federal Lands Highway,"Project Development and Design Manual, Earthwork Design, Exhibit 5.1 A",https://highways.dot.gov/federal-lands/pddm/dpg/earthwork-design,federal_public_domain,2026-09-19,https://takeoffmetric.com/earthwork/fill-dirt-calculator/,site/src/data/reference/fill-dirt.ts,"FILL_DIRT_ROWS[""topsoil""].embankment",FHWA Exhibit 5.1 A; FHWA gives these values for estimating before project-specific geotechnical data.
LND-001,landscaping,Topsoil for a new lawn from seed,root-zone depth to reach,4,in,101.6,mm,"total root-zone depth, not a layer added on top",Michigan State University Extension,"E2910, Establishing a new lawn using seed",https://www.canr.msu.edu/resources/establishing_a_new_lawn_using_seed_e2910,other,2026-09-22,https://takeoffmetric.com/earthwork/topsoil-calculator/,site/src/data/reference/topsoil.ts,"TOPSOIL_JOBS[""new-lawn""].depthIn",The same source has the soil tilled 4 to 6 in deep.
LND-002,landscaping,Topsoil over a poor soil before seeding,"added layer, up to",3,in,76.2,mm,layer added on top,Clemson University Home & Garden Information Center,Lawn Establishment,https://hgic.clemson.edu/factsheet/lawn-establishment/,other,2026-09-20,https://takeoffmetric.com/earthwork/topsoil-calculator/,site/src/data/reference/topsoil.ts,"TOPSOIL_JOBS[""bed-amend""].depthIn",
LND-003,landscaping,Top-dressing an established lawn,maximum depth per application,0.5,in,12.7,mm,per application,Clemson University Home & Garden Information Center,Topdressing a Home Lawn,https://hgic.clemson.edu/factsheet/topdressing-a-home-lawn/,other,2026-09-20,https://takeoffmetric.com/earthwork/topsoil-calculator/,site/src/data/reference/topsoil.ts,"TOPSOIL_JOBS[""topdress""].depthIn",
LND-004,landscaping,Compost over existing soil (raised bed on soil),"added layer, low end",2,in,50.8,mm,mixed into the top 4 in,University of Maryland Extension,Soil to fill raised beds,https://extension.umd.edu/resource/soil-fill-raised-beds,other,2026-09-20,https://takeoffmetric.com/earthwork/topsoil-calculator/,site/src/data/reference/topsoil.ts,"TOPSOIL_JOBS[""bed-amend""].low",
LND-005,landscaping,Compost over existing soil (raised bed on soil),"added layer, high end",4,in,101.6,mm,mixed into the top 4 in,University of Maryland Extension,Soil to fill raised beds,https://extension.umd.edu/resource/soil-fill-raised-beds,other,2026-09-20,https://takeoffmetric.com/earthwork/topsoil-calculator/,site/src/data/reference/topsoil.ts,"TOPSOIL_JOBS[""bed-amend""].high",
LND-006,landscaping,Raised bed on a hard surface,"minimum fill depth (leafy greens, beans, cucumbers)",8,in,203.2,mm,bed over a hard surface,University of Maryland Extension,Soil to fill raised beds,https://extension.umd.edu/resource/soil-fill-raised-beds,other,2026-09-20,https://takeoffmetric.com/earthwork/topsoil-calculator/,site/src/data/reference/topsoil.ts,"TOPSOIL_JOBS[""raised-bed""].depthIn",
LND-007,landscaping,Raised bed on a hard surface,"fill depth, upper end (pepper, tomato, squash)",24,in,609.6,mm,bed over a hard surface,University of Maryland Extension,Soil to fill raised beds,https://extension.umd.edu/resource/soil-fill-raised-beds,other,2026-09-20,https://takeoffmetric.com/earthwork/topsoil-calculator/,site/src/data/reference/topsoil.ts,"TOPSOIL_JOBS[""raised-bed""].high",The same source gives 12 to 24 in for these crops.
LND-008,landscaping,Raised bed box,"minimum box height, low end",6,in,152.4,mm,framed bed,Utah State University Extension,Raised Bed Gardening,https://extension.usu.edu/yardandgarden/research/raised-bed-gardening,other,2026-09-20,https://takeoffmetric.com/earthwork/topsoil-calculator/,site/src/data/reference/topsoil.ts,"TOPSOIL_JOBS[""raised-bed""].low",The source gives at least 6 to 12 in.
ASP-001,asphalt,Hot-mix asphalt,"unit weight in place, low end of range",142,lb/ft3,2275,kg/m3,in place (compacted),Asphalt Institute,Engineering FAQs,https://www.asphaltinstitute.org/engineering/engineering-faqs/,trade_association,2026-09-19,https://takeoffmetric.com/paving/asphalt-calculator/,site/src/data/reference/asphalt.ts,AI_PCF_MIN,
ASP-002,asphalt,Hot-mix asphalt,"unit weight in place, estimating value",148,lb/ft3,2371,kg/m3,in place (compacted),Asphalt Institute,Engineering FAQs,https://www.asphaltinstitute.org/engineering/engineering-faqs/,trade_association,2026-09-19,https://takeoffmetric.com/paving/asphalt-calculator/,site/src/data/reference/asphalt.ts,AI_PCF,The source gives 142 to 148 and says to use 148 for estimating.
ASP-003,asphalt,Compacted asphalt pavement,spread rate per inch of compacted thickness,110,lb/(yd2*in),2.349,kg/(m2*mm),compacted,Minnesota Asphalt Pavement Association,Asphalt calculator,https://www.asphaltisbest.com/asphalt-calculator,trade_association,2026-09-19,https://takeoffmetric.com/paving/asphalt-calculator/,site/src/data/reference/asphalt.ts,MAPA_LB_PER_SQYD_IN,Stated as the association's own assumption (= 146.67 lb/ft3 by arithmetic).
ASP-004,asphalt,Dense-graded hot-mix asphalt,placement rate per inch of pavement,110,lb/(yd2*in),2.349,kg/(m2*mm),unless the plans show another rate,Texas Department of Transportation,"2024 Standard Specifications, Item 341",https://ftp.txdot.gov/pub/txdot-info/cmd/cserve/specs/2024/standard/s341.pdf,other,2026-09-19,https://takeoffmetric.com/paving/asphalt-calculator/,site/src/data/reference/asphalt.ts,MAPA_LB_PER_SQYD_IN,"State DOT specification (Texas); same figure as the MAPA row, second source."
MAS-001,masonry,"Concrete masonry unit, conventional",nominal face height,8,in,203.2,mm,nominal (includes 3/8 in joint),National Concrete Masonry Association (republished by R.I. Lampus),"NCMA TEK 2-1B, Typical Sizes and Shapes of Concrete Masonry Units",https://www.lampus.com/files/Resources/NCMA-TEK-02-01B.pdf,trade_association,2026-09-19,https://takeoffmetric.com/masonry/concrete-block-calculator/,site/src/data/reference/block.ts,NOMINAL_FACE_H_IN,
MAS-002,masonry,"Concrete masonry unit, conventional",nominal face length,16,in,406.4,mm,nominal (includes 3/8 in joint),National Concrete Masonry Association (republished by R.I. Lampus),"NCMA TEK 2-1B, Typical Sizes and Shapes of Concrete Masonry Units",https://www.lampus.com/files/Resources/NCMA-TEK-02-01B.pdf,trade_association,2026-09-19,https://takeoffmetric.com/masonry/concrete-block-calculator/,site/src/data/reference/block.ts,NOMINAL_FACE_L_IN,
MAS-003,masonry,Concrete masonry mortar joint,joint thickness (specified size = nominal minus this),0.375,in,9.525,mm,,National Concrete Masonry Association (republished by R.I. Lampus),"NCMA TEK 2-1B, Typical Sizes and Shapes of Concrete Masonry Units",https://www.lampus.com/files/Resources/NCMA-TEK-02-01B.pdf,trade_association,2026-09-19,https://takeoffmetric.com/masonry/concrete-block-calculator/,site/src/data/reference/block.ts,JOINT_IN,
MAS-004,masonry,"Concrete masonry unit, 8 x 16 in nominal",exposed face area per unit,0.8889,ft2 (per unit face),0.08258,m2 (per unit face),8/9 ft2,Concrete Masonry & Hardscapes Association (CMHA),"TEK 04-02A, Estimating Concrete Masonry Materials",https://www.cmha.org/resource/tek-04-02a/,trade_association,2026-09-19,https://takeoffmetric.com/masonry/concrete-block-calculator/,site/src/data/reference/block.ts,FACE_SQFT,Exact value 8/9.
MAS-005,masonry,"Concrete masonry unit, 8 x 16 in nominal",units per 100 ft2 of wall,119,units/100 ft2,12.81,units/m2,includes 5 % waste and breakage,Concrete Masonry & Hardscapes Association (CMHA),"TEK 04-02A, Estimating Concrete Masonry Materials",https://www.cmha.org/resource/tek-04-02a/,trade_association,2026-09-19,https://takeoffmetric.com/masonry/concrete-block-calculator/,site/src/data/reference/block.ts,UNITS_PER_100_SQFT,Independent of unit width; subtract openings.
MAS-006,masonry,"Concrete masonry unit, 8 x 16 in nominal",waste and breakage allowance inside the 119 figure,5,percent,5,percent,,Concrete Masonry & Hardscapes Association (CMHA),"TEK 04-02A, Estimating Concrete Masonry Materials",https://www.cmha.org/resource/tek-04-02a/,trade_association,2026-09-19,https://takeoffmetric.com/masonry/concrete-block-calculator/,site/src/data/reference/block.ts,DEFAULT_WASTE_PCT,
MAS-007,masonry,Mortar for concrete masonry (approximate),masonry cement bag weight,70,lb,31.75,kg,face-shell bedding,Concrete Masonry & Hardscapes Association (CMHA),"TEK 04-02A, Estimating Concrete Masonry Materials",https://www.cmha.org/resource/tek-04-02a/,trade_association,2026-09-19,https://takeoffmetric.com/masonry/concrete-block-calculator/,site/src/data/reference/block.ts,MASONRY_BAG_LB,"Rule of thumb for face-shell mortar bedding, cement batched on site with separate sand (not preblended mortar)."
MAS-008,masonry,Mortar for concrete masonry (approximate),units laid per 70 lb bag of masonry cement,30,units/bag,30,units/bag,face-shell bedding,Concrete Masonry & Hardscapes Association (CMHA),"TEK 04-02A, Estimating Concrete Masonry Materials",https://www.cmha.org/resource/tek-04-02a/,trade_association,2026-09-19,https://takeoffmetric.com/masonry/concrete-block-calculator/,site/src/data/reference/block.ts,UNITS_PER_MASONRY_BAG,"Rule of thumb for face-shell mortar bedding, cement batched on site with separate sand (not preblended mortar)."
MAS-009,masonry,Mortar for concrete masonry (approximate),bags of masonry cement per short ton of masonry sand,8,bags/short ton of sand,8.818,bags/t of sand,face-shell bedding,Concrete Masonry & Hardscapes Association (CMHA),"TEK 04-02A, Estimating Concrete Masonry Materials",https://www.cmha.org/resource/tek-04-02a/,trade_association,2026-09-19,https://takeoffmetric.com/masonry/concrete-block-calculator/,site/src/data/reference/block.ts,MASONRY_BAGS_PER_TON_SAND,"Rule of thumb for face-shell mortar bedding, cement batched on site with separate sand (not preblended mortar)."
MAS-010,masonry,Mortar for concrete masonry (approximate),sand quantity above which extra sand is added,3,short tons,2.722,t,face-shell bedding,Concrete Masonry & Hardscapes Association (CMHA),"TEK 04-02A, Estimating Concrete Masonry Materials",https://www.cmha.org/resource/tek-04-02a/,trade_association,2026-09-19,https://takeoffmetric.com/masonry/concrete-block-calculator/,site/src/data/reference/block.ts,SAND_WASTE_THRESHOLD_TONS,"Rule of thumb for face-shell mortar bedding, cement batched on site with separate sand (not preblended mortar)."
MAS-011,masonry,Mortar for concrete masonry (approximate),extra sand added above that quantity,0.5,short tons,0.4536,t,face-shell bedding,Concrete Masonry & Hardscapes Association (CMHA),"TEK 04-02A, Estimating Concrete Masonry Materials",https://www.cmha.org/resource/tek-04-02a/,trade_association,2026-09-19,https://takeoffmetric.com/masonry/concrete-block-calculator/,site/src/data/reference/block.ts,SAND_WASTE_EXTRA_TONS,"Rule of thumb for face-shell mortar bedding, cement batched on site with separate sand (not preblended mortar)."
MAS-012,masonry,Mortar for concrete masonry (approximate),units laid per short ton of sand,240,units/short ton of sand,264.6,units/t of sand,face-shell bedding,Concrete Masonry & Hardscapes Association (CMHA),"TEK 04-02A, Estimating Concrete Masonry Materials",https://www.cmha.org/resource/tek-04-02a/,trade_association,2026-09-19,https://takeoffmetric.com/masonry/concrete-block-calculator/,site/src/data/reference/block.ts,UNITS_PER_TON_SAND,"Rule of thumb for face-shell mortar bedding, cement batched on site with separate sand (not preblended mortar)."
MAS-013,masonry,Mortar for concrete masonry (approximate),portland cement bag weight,94,lb,42.64,kg,face-shell bedding,Concrete Masonry & Hardscapes Association (CMHA),"TEK 04-02A, Estimating Concrete Masonry Materials",https://www.cmha.org/resource/tek-04-02a/,trade_association,2026-09-19,https://takeoffmetric.com/masonry/concrete-block-calculator/,site/src/data/reference/block.ts,PORTLAND_BAG_LB,"Rule of thumb for face-shell mortar bedding, cement batched on site with separate sand (not preblended mortar)."
MAS-014,masonry,Mortar for concrete masonry (approximate),units laid per 94 lb bag of portland cement,62,units/bag of portland cement,62,units/bag of portland cement,face-shell bedding,Concrete Masonry & Hardscapes Association (CMHA),"TEK 04-02A, Estimating Concrete Masonry Materials",https://www.cmha.org/resource/tek-04-02a/,trade_association,2026-09-19,https://takeoffmetric.com/masonry/concrete-block-calculator/,site/src/data/reference/block.ts,UNITS_PER_PORTLAND_BAG,"Rule of thumb for face-shell mortar bedding, cement batched on site with separate sand (not preblended mortar)."
MAS-015,masonry,Mortar for concrete masonry (approximate),hydrated lime bag weight,50,lb,22.68,kg,face-shell bedding,Concrete Masonry & Hardscapes Association (CMHA),"TEK 04-02A, Estimating Concrete Masonry Materials",https://www.cmha.org/resource/tek-04-02a/,trade_association,2026-09-19,https://takeoffmetric.com/masonry/concrete-block-calculator/,site/src/data/reference/block.ts,LIME_BAG_LB,"Rule of thumb for face-shell mortar bedding, cement batched on site with separate sand (not preblended mortar)."
MAS-016,masonry,Mortar for concrete masonry (approximate),lime bags per portland cement bag,0.5,lime bags/portland bag,0.5,lime bags/portland bag,face-shell bedding,Concrete Masonry & Hardscapes Association (CMHA),"TEK 04-02A, Estimating Concrete Masonry Materials",https://www.cmha.org/resource/tek-04-02a/,trade_association,2026-09-19,https://takeoffmetric.com/masonry/concrete-block-calculator/,site/src/data/reference/block.ts,LIME_BAGS_PER_PORTLAND_BAG,"Rule of thumb for face-shell mortar bedding, cement batched on site with separate sand (not preblended mortar)."
MAS-017,masonry,Mortar for concrete masonry (approximate),sand per portland cement bag,4.25,ft3 of sand/bag,0.1203,m3 of sand/bag,face-shell bedding,Concrete Masonry & Hardscapes Association (CMHA),"TEK 04-02A, Estimating Concrete Masonry Materials",https://www.cmha.org/resource/tek-04-02a/,trade_association,2026-09-19,https://takeoffmetric.com/masonry/concrete-block-calculator/,site/src/data/reference/block.ts,SAND_CUFT_PER_PORTLAND_BAG,"Rule of thumb for face-shell mortar bedding, cement batched on site with separate sand (not preblended mortar)."
PAV-001,pavers,"Interlocking pavers, Walks (pedestrian)","minimum compacted aggregate base, low end",4,in,101.6,mm,compacted,Concrete Masonry & Hardscapes Association (CMHA),"Tech Spec 10, Application Guide (2022)",https://www.cmha.org/wp-content/uploads/2023/12/TechSpec10-ApplicationGuide2022.pdf,trade_association,2026-09-20,https://takeoffmetric.com/masonry/paver-base-calculator/,site/src/data/reference/paver-base.ts; site/src/data/reference/paver-base.ts,"BASE_MIN_IN[""walk""][0]; BASE_DEPTH_IN_LOW",
PAV-002,pavers,"Interlocking pavers, Walks (pedestrian)","minimum compacted aggregate base, high end",6,in,152.4,mm,compacted,Concrete Masonry & Hardscapes Association (CMHA),"Tech Spec 10, Application Guide (2022)",https://www.cmha.org/wp-content/uploads/2023/12/TechSpec10-ApplicationGuide2022.pdf,trade_association,2026-09-20,https://takeoffmetric.com/masonry/paver-base-calculator/,site/src/data/reference/paver-base.ts,"BASE_MIN_IN[""walk""][1]",
PAV-003,pavers,"Interlocking pavers, Driveways","minimum compacted aggregate base, low end",6,in,152.4,mm,compacted,Concrete Masonry & Hardscapes Association (CMHA),"Tech Spec 10, Application Guide (2022)",https://www.cmha.org/wp-content/uploads/2023/12/TechSpec10-ApplicationGuide2022.pdf,trade_association,2026-09-20,https://takeoffmetric.com/masonry/paver-base-calculator/,site/src/data/reference/paver-base.ts,"BASE_MIN_IN[""driveway""][0]",
PAV-004,pavers,"Interlocking pavers, Driveways","minimum compacted aggregate base, high end",8,in,203.2,mm,compacted,Concrete Masonry & Hardscapes Association (CMHA),"Tech Spec 10, Application Guide (2022)",https://www.cmha.org/wp-content/uploads/2023/12/TechSpec10-ApplicationGuide2022.pdf,trade_association,2026-09-20,https://takeoffmetric.com/masonry/paver-base-calculator/,site/src/data/reference/paver-base.ts,"BASE_MIN_IN[""driveway""][1]",
PAV-005,pavers,"Interlocking pavers, Streets","minimum compacted aggregate base, low end",8,in,203.2,mm,compacted,Concrete Masonry & Hardscapes Association (CMHA),"Tech Spec 10, Application Guide (2022)",https://www.cmha.org/wp-content/uploads/2023/12/TechSpec10-ApplicationGuide2022.pdf,trade_association,2026-09-20,https://takeoffmetric.com/masonry/paver-base-calculator/,site/src/data/reference/paver-base.ts,"BASE_MIN_IN[""street""][0]",
PAV-006,pavers,"Interlocking pavers, Streets","minimum compacted aggregate base, high end",12,in,304.8,mm,compacted,Concrete Masonry & Hardscapes Association (CMHA),"Tech Spec 10, Application Guide (2022)",https://www.cmha.org/wp-content/uploads/2023/12/TechSpec10-ApplicationGuide2022.pdf,trade_association,2026-09-20,https://takeoffmetric.com/masonry/paver-base-calculator/,site/src/data/reference/paver-base.ts,"BASE_MIN_IN[""street""][1]",
PAV-007,pavers,Bedding sand under pavers,"screeded thickness, upper end",1.5,in,38.1,mm,"uncompacted, before pavers are vibrated in",Concrete Masonry & Hardscapes Association (CMHA),"Tech Spec 10, Application Guide (2022)",https://www.cmha.org/wp-content/uploads/2023/12/TechSpec10-ApplicationGuide2022.pdf,trade_association,2026-09-20,https://takeoffmetric.com/masonry/paver-base-calculator/,site/src/data/reference/paver-base.ts,BEDDING_MAX_IN,The source gives 1 to 1-1/2 in.
PAV-008,pavers,Bedding sand under pavers,screeded thickness,1,in,25.4,mm,screeded over 1 in pipes,Oregon State University Extension Service,10-Step Guide to Installing Pavers,https://extension.oregonstate.edu/sites/extd8/files/documents/1/howtoinstallpavers.pdf,other,2026-09-19,https://takeoffmetric.com/earthwork/sand-calculator/; https://takeoffmetric.com/masonry/paver-base-calculator/,site/src/data/reference/sand.ts; site/src/data/reference/paver-base.ts,BEDDING_IN; BEDDING_IN,
ROF-001,roofing,GAF Timberline HDZ laminated shingles,bundles per square,3,bundles/square,0.3229,bundles/m2,1 square = 100 ft2,GAF,"Timberline HDZ Shingles, specification sheet (RESGN467HDZ), archived copy",https://web.archive.org/web/2024/https://www.gaf.com/en-us/document-library/documents/specifications/timberline-hdz-shingles-spec-sheet-resgn467hdz.pdf,manufacturer_datasheet,2026-09-19,https://takeoffmetric.com/roofing/roofing-calculator/,site/src/data/reference/roofing.ts,HDZ_BUNDLES_PER_SQUARE,One product line.
ROF-002,roofing,GAF Timberline HDZ laminated shingles,pieces per square,64,pieces/square,6.889,pieces/m2,1 square = 100 ft2,GAF,"Timberline HDZ Shingles, specification sheet (RESGN467HDZ), archived copy",https://web.archive.org/web/2024/https://www.gaf.com/en-us/document-library/documents/specifications/timberline-hdz-shingles-spec-sheet-resgn467hdz.pdf,manufacturer_datasheet,2026-09-19,https://takeoffmetric.com/roofing/roofing-calculator/,site/src/data/reference/roofing.ts,HDZ_PIECES_PER_SQUARE,One product line.
ROF-003,roofing,GAF Seal-A-Ridge ridge cap shingles,bundles per 100 linear feet,4,bundles/100 lf,0.1312,bundles/m,,GAF,"Seal-A-Ridge Ridge Cap Shingles, sell sheet (RESHR112), archived copy",https://web.archive.org/web/2024/https://www.gaf.com/en-us/document-library/documents/data-sheets/seal-a-ridge-ridge-cap-shingles-sell-sheet-reshr112.pdf,manufacturer_datasheet,2026-09-19,https://takeoffmetric.com/roofing/roofing-calculator/,site/src/data/reference/roofing.ts,SEAL_A_RIDGE_BUNDLES_PER_100_LF,One product line.
ROF-004,roofing,GAF Pro-Start starter strip,linear feet per bundle,120.33,lf/bundle,36.68,m/bundle,sheets split in half,GAF,"Pro-Start Starter Strip Shingle, sell sheet (RESGN546-0723), distributor copy (Fransyl)",https://www.fransyl.com/DATA/PRODUIT/PDF_en/2638_en~v~pro-start-starter-strip-shingle.pdf,manufacturer_datasheet,2026-09-19,https://takeoffmetric.com/roofing/roofing-calculator/,site/src/data/reference/roofing.ts,PRO_START_LF_PER_BUNDLE,One product. The sheet also prints 36.69 lm.
ROF-005,roofing,GAF FeltBuster synthetic underlayment,squares per roll,10,squares/roll,92.9,m2/roll,excludes laps,GAF,"FeltBuster Synthetic Roofing Felt, sell sheet (RESUL183), contractor copy",https://www.thrushandson.com/wp-content/uploads/FeltBuster-1.pdf,manufacturer_datasheet,2026-09-19,https://takeoffmetric.com/roofing/roofing-calculator/,site/src/data/reference/roofing.ts,FELTBUSTER_SQUARES_PER_ROLL,One product.
ROF-006,roofing,GAF FeltBuster synthetic underlayment,coverage per roll,1000,ft2/roll,92.9,m2/roll,excludes laps,GAF,"FeltBuster Synthetic Roofing Felt, sell sheet (RESUL183), contractor copy",https://www.thrushandson.com/wp-content/uploads/FeltBuster-1.pdf,manufacturer_datasheet,2026-09-19,https://takeoffmetric.com/roofing/roofing-calculator/,site/src/data/reference/roofing.ts,FELTBUSTER_SQFT_PER_ROLL,One product. The sheet also prints 92.9 m2.
LUM-001,lumber,Board foot,volume of one board foot,144,in3,0.00236,m3,"sawed lumber, 1 in x 12 in x 1 ft",University of Missouri Extension,"G5050, How to Measure Lumber (board foot definition)",https://extension.missouri.edu/publications/g5050,other,2026-09-20,https://takeoffmetric.com/framing/board-foot-calculator/,site/src/data/reference/board-foot.ts,CU_IN_PER_BOARD_FOOT,
LUM-002,lumber,"Softwood lumber, nominal 1 in thickness","minimum dressed thickness, dry",0.75,in,19.05,mm,dry,National Institute of Standards and Technology (NIST),"American Softwood Lumber Standard PS 20-20 (Revision 1, October 2021), Table 3",https://www.nist.gov/document/doc-ps-20-20-american-softwood-lumber-standard-revision-1-oct-2021,federal_public_domain,2026-09-20,https://takeoffmetric.com/framing/board-foot-calculator/,site/src/data/reference/board-foot.ts,"DRESSED_THICKNESS_IN[""1""]","Minimum dressed size, dry (19 % moisture or less), softwood lumber standard; not a given product's size. Source prints 19 mm."
LUM-003,lumber,"Softwood lumber, nominal 2 in thickness","minimum dressed thickness, dry",1.5,in,38.1,mm,dry,National Institute of Standards and Technology (NIST),"American Softwood Lumber Standard PS 20-20 (Revision 1, October 2021), Table 3",https://www.nist.gov/document/doc-ps-20-20-american-softwood-lumber-standard-revision-1-oct-2021,federal_public_domain,2026-09-20,https://takeoffmetric.com/framing/board-foot-calculator/,site/src/data/reference/board-foot.ts,"DRESSED_THICKNESS_IN[""2""]","Minimum dressed size, dry (19 % moisture or less), softwood lumber standard; not a given product's size. Source prints 38 mm."
LUM-004,lumber,"Softwood lumber, nominal 2 in width","minimum dressed width, dry",1.5,in,38.1,mm,dry,National Institute of Standards and Technology (NIST),"American Softwood Lumber Standard PS 20-20 (Revision 1, October 2021), Table 3",https://www.nist.gov/document/doc-ps-20-20-american-softwood-lumber-standard-revision-1-oct-2021,federal_public_domain,2026-09-20,https://takeoffmetric.com/framing/board-foot-calculator/,site/src/data/reference/board-foot.ts,"DRESSED_WIDTH_IN[""2""]","Minimum dressed size, dry (19 % moisture or less), softwood lumber standard; not a given product's size. Source prints 38 mm."
LUM-005,lumber,"Softwood lumber, nominal 3 in width","minimum dressed width, dry",2.5,in,63.5,mm,dry,National Institute of Standards and Technology (NIST),"American Softwood Lumber Standard PS 20-20 (Revision 1, October 2021), Table 3",https://www.nist.gov/document/doc-ps-20-20-american-softwood-lumber-standard-revision-1-oct-2021,federal_public_domain,2026-09-20,https://takeoffmetric.com/framing/board-foot-calculator/,site/src/data/reference/board-foot.ts,"DRESSED_WIDTH_IN[""3""]","Minimum dressed size, dry (19 % moisture or less), softwood lumber standard; not a given product's size. Source prints 64 mm."
LUM-006,lumber,"Softwood lumber, nominal 4 in width","minimum dressed width, dry",3.5,in,88.9,mm,dry,National Institute of Standards and Technology (NIST),"American Softwood Lumber Standard PS 20-20 (Revision 1, October 2021), Table 3",https://www.nist.gov/document/doc-ps-20-20-american-softwood-lumber-standard-revision-1-oct-2021,federal_public_domain,2026-09-20,https://takeoffmetric.com/framing/board-foot-calculator/; https://takeoffmetric.com/decks-fences/deck-calculator/,site/src/data/reference/board-foot.ts; site/src/data/reference/deck.ts,"DRESSED_WIDTH_IN[""4""]; DRESSED_WIDTH_4_IN","Minimum dressed size, dry (19 % moisture or less), softwood lumber standard; not a given product's size. Source prints 89 mm."
LUM-007,lumber,"Softwood lumber, nominal 5 in width","minimum dressed width, dry",4.5,in,114.3,mm,dry,National Institute of Standards and Technology (NIST),"American Softwood Lumber Standard PS 20-20 (Revision 1, October 2021), Table 3",https://www.nist.gov/document/doc-ps-20-20-american-softwood-lumber-standard-revision-1-oct-2021,federal_public_domain,2026-09-20,https://takeoffmetric.com/framing/board-foot-calculator/,site/src/data/reference/board-foot.ts,"DRESSED_WIDTH_IN[""5""]","Minimum dressed size, dry (19 % moisture or less), softwood lumber standard; not a given product's size. Source prints 114 mm."
LUM-008,lumber,"Softwood lumber, nominal 6 in width","minimum dressed width, dry",5.5,in,139.7,mm,dry,National Institute of Standards and Technology (NIST),"American Softwood Lumber Standard PS 20-20 (Revision 1, October 2021), Table 3",https://www.nist.gov/document/doc-ps-20-20-american-softwood-lumber-standard-revision-1-oct-2021,federal_public_domain,2026-09-20,https://takeoffmetric.com/framing/board-foot-calculator/; https://takeoffmetric.com/decks-fences/deck-calculator/,site/src/data/reference/board-foot.ts; site/src/data/reference/deck.ts,"DRESSED_WIDTH_IN[""6""]; DRESSED_WIDTH_6_IN","Minimum dressed size, dry (19 % moisture or less), softwood lumber standard; not a given product's size. Source prints 140 mm."
LUM-009,lumber,"Softwood lumber, nominal 7 in width","minimum dressed width, dry",6.5,in,165.1,mm,dry,National Institute of Standards and Technology (NIST),"American Softwood Lumber Standard PS 20-20 (Revision 1, October 2021), Table 3",https://www.nist.gov/document/doc-ps-20-20-american-softwood-lumber-standard-revision-1-oct-2021,federal_public_domain,2026-09-20,https://takeoffmetric.com/framing/board-foot-calculator/,site/src/data/reference/board-foot.ts,"DRESSED_WIDTH_IN[""7""]","Minimum dressed size, dry (19 % moisture or less), softwood lumber standard; not a given product's size. Source prints 165 mm."
LUM-010,lumber,"Softwood lumber, nominal 8 in width","minimum dressed width, dry",7.25,in,184.1,mm,dry,National Institute of Standards and Technology (NIST),"American Softwood Lumber Standard PS 20-20 (Revision 1, October 2021), Table 3",https://www.nist.gov/document/doc-ps-20-20-american-softwood-lumber-standard-revision-1-oct-2021,federal_public_domain,2026-09-20,https://takeoffmetric.com/framing/board-foot-calculator/,site/src/data/reference/board-foot.ts,"DRESSED_WIDTH_IN[""8""]","Minimum dressed size, dry (19 % moisture or less), softwood lumber standard; not a given product's size. Source prints 184 mm."
LUM-011,lumber,"Softwood lumber, nominal 9 in width","minimum dressed width, dry",8.25,in,209.5,mm,dry,National Institute of Standards and Technology (NIST),"American Softwood Lumber Standard PS 20-20 (Revision 1, October 2021), Table 3",https://www.nist.gov/document/doc-ps-20-20-american-softwood-lumber-standard-revision-1-oct-2021,federal_public_domain,2026-09-20,https://takeoffmetric.com/framing/board-foot-calculator/,site/src/data/reference/board-foot.ts,"DRESSED_WIDTH_IN[""9""]","Minimum dressed size, dry (19 % moisture or less), softwood lumber standard; not a given product's size. Source prints 210 mm."
LUM-012,lumber,"Softwood lumber, nominal 10 in width","minimum dressed width, dry",9.25,in,234.9,mm,dry,National Institute of Standards and Technology (NIST),"American Softwood Lumber Standard PS 20-20 (Revision 1, October 2021), Table 3",https://www.nist.gov/document/doc-ps-20-20-american-softwood-lumber-standard-revision-1-oct-2021,federal_public_domain,2026-09-20,https://takeoffmetric.com/framing/board-foot-calculator/,site/src/data/reference/board-foot.ts,"DRESSED_WIDTH_IN[""10""]","Minimum dressed size, dry (19 % moisture or less), softwood lumber standard; not a given product's size. Source prints 235 mm."
LUM-013,lumber,"Softwood lumber, nominal 11 in width","minimum dressed width, dry",10.25,in,260.3,mm,dry,National Institute of Standards and Technology (NIST),"American Softwood Lumber Standard PS 20-20 (Revision 1, October 2021), Table 3",https://www.nist.gov/document/doc-ps-20-20-american-softwood-lumber-standard-revision-1-oct-2021,federal_public_domain,2026-09-20,https://takeoffmetric.com/framing/board-foot-calculator/,site/src/data/reference/board-foot.ts,"DRESSED_WIDTH_IN[""11""]","Minimum dressed size, dry (19 % moisture or less), softwood lumber standard; not a given product's size. Source prints 260 mm."
LUM-014,lumber,"Softwood lumber, nominal 12 in width","minimum dressed width, dry",11.25,in,285.8,mm,dry,National Institute of Standards and Technology (NIST),"American Softwood Lumber Standard PS 20-20 (Revision 1, October 2021), Table 3",https://www.nist.gov/document/doc-ps-20-20-american-softwood-lumber-standard-revision-1-oct-2021,federal_public_domain,2026-09-20,https://takeoffmetric.com/framing/board-foot-calculator/; https://takeoffmetric.com/stairs/stair-stringer-calculator/,site/src/data/reference/board-foot.ts; site/src/data/reference/stair.ts; site/src/engine/formulas/stairs/stair-stringer.ts,"DRESSED_WIDTH_IN[""12""]; NOMINAL_2X12_ACTUAL_WIDTH_IN; BOARD_WIDTH_IN","Minimum dressed size, dry (19 % moisture or less), softwood lumber standard; not a given product's size. Source prints 286 mm."
LUM-015,lumber,"Softwood lumber, nominal 14 in width","minimum dressed width, dry",13.25,in,336.5,mm,dry,National Institute of Standards and Technology (NIST),"American Softwood Lumber Standard PS 20-20 (Revision 1, October 2021), Table 3",https://www.nist.gov/document/doc-ps-20-20-american-softwood-lumber-standard-revision-1-oct-2021,federal_public_domain,2026-09-20,https://takeoffmetric.com/framing/board-foot-calculator/,site/src/data/reference/board-foot.ts,"DRESSED_WIDTH_IN[""14""]","Minimum dressed size, dry (19 % moisture or less), softwood lumber standard; not a given product's size. Source prints 337 mm."
LUM-016,lumber,"Softwood lumber, nominal 16 in width","minimum dressed width, dry",15.25,in,387.3,mm,dry,National Institute of Standards and Technology (NIST),"American Softwood Lumber Standard PS 20-20 (Revision 1, October 2021), Table 3",https://www.nist.gov/document/doc-ps-20-20-american-softwood-lumber-standard-revision-1-oct-2021,federal_public_domain,2026-09-20,https://takeoffmetric.com/framing/board-foot-calculator/,site/src/data/reference/board-foot.ts,"DRESSED_WIDTH_IN[""16""]","Minimum dressed size, dry (19 % moisture or less), softwood lumber standard; not a given product's size. Source prints 387 mm."
FRM-001,framing,Wood stud wall,"stud spacing on center, conventional framing",16,in,406.4,mm,conventional framing,APA - The Engineered Wood Association,"Advanced Framing Construction Guide, Form No. M400A",https://constructioninstruction.com/wp-content/uploads/2020/11/APA-Advanced-Framing-Construction-Guide.pdf,trade_association,2026-09-19,https://takeoffmetric.com/framing/wall-framing-calculator/,site/src/data/reference/framing.ts,CONVENTIONAL_SPACING_IN,"Describes two framing practices; stud size, height and spacing are set by the building code and your plans."
FRM-002,framing,Wood stud wall,"stud spacing on center, advanced framing",24,in,609.6,mm,advanced framing (2x6),APA - The Engineered Wood Association,"Advanced Framing Construction Guide, Form No. M400A",https://constructioninstruction.com/wp-content/uploads/2020/11/APA-Advanced-Framing-Construction-Guide.pdf,trade_association,2026-09-19,https://takeoffmetric.com/framing/wall-framing-calculator/,site/src/data/reference/framing.ts,ADVANCED_SPACING_IN,"Describes two framing practices; stud size, height and spacing are set by the building code and your plans."
FRM-003,framing,Wood stud wall,"top plates, conventional framing",2,top plates,2,top plates,conventional framing,APA - The Engineered Wood Association,"Advanced Framing Construction Guide, Form No. M400A",https://constructioninstruction.com/wp-content/uploads/2020/11/APA-Advanced-Framing-Construction-Guide.pdf,trade_association,2026-09-19,https://takeoffmetric.com/framing/wall-framing-calculator/,site/src/data/reference/framing.ts,CONVENTIONAL_TOP_PLATES,"Describes two framing practices; stud size, height and spacing are set by the building code and your plans."
FRM-004,framing,Wood stud wall,"top plates, advanced framing",1,top plates,1,top plates,advanced framing,APA - The Engineered Wood Association,"Advanced Framing Construction Guide, Form No. M400A",https://constructioninstruction.com/wp-content/uploads/2020/11/APA-Advanced-Framing-Construction-Guide.pdf,trade_association,2026-09-19,https://takeoffmetric.com/framing/wall-framing-calculator/,site/src/data/reference/framing.ts,ADVANCED_TOP_PLATES,"Describes two framing practices; stud size, height and spacing are set by the building code and your plans."
FRM-005,framing,Wood stud wall,king studs per opening,2,studs,2,studs,one pair per opening,APA - The Engineered Wood Association,"Advanced Framing Construction Guide, Form No. M400A",https://constructioninstruction.com/wp-content/uploads/2020/11/APA-Advanced-Framing-Construction-Guide.pdf,trade_association,2026-09-19,https://takeoffmetric.com/framing/wall-framing-calculator/,site/src/data/reference/framing.ts,KINGS_PER_OPENING,"Describes two framing practices; stud size, height and spacing are set by the building code and your plans."
FRM-006,framing,Wood stud wall,jack studs per side of an opening,1,studs,1,studs,one pair per opening,APA - The Engineered Wood Association,"Advanced Framing Construction Guide, Form No. M400A",https://constructioninstruction.com/wp-content/uploads/2020/11/APA-Advanced-Framing-Construction-Guide.pdf,trade_association,2026-09-19,https://takeoffmetric.com/framing/wall-framing-calculator/,site/src/data/reference/framing.ts,JACKS_PER_SIDE_DEFAULT,"Describes two framing practices; stud size, height and spacing are set by the building code and your plans."
FRM-007,framing,Wood stud wall,"studs at an interior wall intersection, conventional",2,studs,2,studs,one stud on each side of the intersecting wall,APA - The Engineered Wood Association,"Advanced Framing Construction Guide, Form No. M400A",https://constructioninstruction.com/wp-content/uploads/2020/11/APA-Advanced-Framing-Construction-Guide.pdf,trade_association,2026-09-19,https://takeoffmetric.com/framing/wall-framing-calculator/,site/src/data/reference/framing.ts,TEE_STUDS_CONVENTIONAL,"Describes two framing practices; stud size, height and spacing are set by the building code and your plans."
FRM-008,framing,Wood stud wall,"studs added at an interior wall intersection, ladder junction",0,studs,0,studs,advanced framing; 2x blocking at 24 in o.c. instead,APA - The Engineered Wood Association,"Advanced Framing Construction Guide, Form No. M400A",https://constructioninstruction.com/wp-content/uploads/2020/11/APA-Advanced-Framing-Construction-Guide.pdf,trade_association,2026-09-19,https://takeoffmetric.com/framing/wall-framing-calculator/,site/src/data/reference/framing.ts,TEE_STUDS_LADDER,"Describes two framing practices; stud size, height and spacing are set by the building code and your plans."
DCK-001,decking,Trex composite deck boards,"side-to-side gap, minimum",0.1875,in,4.762,mm,3/16 in,Trex Company,Trex 2026 Decking Installation Guide (copy hosted by The Home Depot),https://images.thdstatic.com/catalog/pdfImages/bd/bd0b6ac7-924e-452a-be97-a1d9ecc32864.pdf,manufacturer_datasheet,2026-09-19,https://takeoffmetric.com/decks-fences/deck-calculator/,site/src/data/reference/deck.ts,GAP_MIN_IN,One product line (Trex composite decking). The guide prints 5 mm.
DCK-002,decking,Trex composite deck boards,side-to-side gap in heavily wooded areas,0.375,in,9.525,mm,"3/8 in, recommended",Trex Company,Trex 2026 Decking Installation Guide (copy hosted by The Home Depot),https://images.thdstatic.com/catalog/pdfImages/bd/bd0b6ac7-924e-452a-be97-a1d9ecc32864.pdf,manufacturer_datasheet,2026-09-19,https://takeoffmetric.com/decks-fences/deck-calculator/,site/src/data/reference/deck.ts,GAP_WOODED_IN,One product line (Trex composite decking).
DCK-003,decking,Trex composite deck boards,"side-to-side gap, never over",0.5,in,12.7,mm,1/2 in,Trex Company,Trex 2026 Decking Installation Guide (copy hosted by The Home Depot),https://images.thdstatic.com/catalog/pdfImages/bd/bd0b6ac7-924e-452a-be97-a1d9ecc32864.pdf,manufacturer_datasheet,2026-09-19,https://takeoffmetric.com/decks-fences/deck-calculator/,site/src/data/reference/deck.ts,GAP_MAX_IN,One product line (Trex composite decking).
DCK-004,decking,Trex composite deck boards,face screws per joist,2,screws/joist,2,screws/joist,,Trex Company,Trex 2026 Decking Installation Guide (copy hosted by The Home Depot),https://images.thdstatic.com/catalog/pdfImages/bd/bd0b6ac7-924e-452a-be97-a1d9ecc32864.pdf,manufacturer_datasheet,2026-09-19,https://takeoffmetric.com/decks-fences/deck-calculator/,site/src/data/reference/deck.ts,SCREWS_PER_JOIST,One product line (Trex composite decking).
HVC-001,hvac,Standard air,density,0.075,lbm/ft3,1.201,kg/m3,"70 F +/- 30 F, below 1,500 ft, moisture up to 0.02 lb water per lb dry air",McGill AirFlow,"Engineering Design Advisory #1, Duct design",https://www.mcgillairflow.com/pdf/cas/designAdvisory01.pdf,manufacturer_datasheet,2026-09-26,https://takeoffmetric.com/hvac/duct-calculator/,site/src/data/reference/duct.ts,RHO_LBM,
HVC-002,hvac,Standard air,"velocity pressure constant, V = 4005 x sqrt(VP)",4005,fpm/sqrt(in wg),,,"standard air, 70 F, 29.92 in Hg",Pacific Northwest National Laboratory / U.S. DOE Building America Solution Center,Measuring Mechanical Ventilation Airflow,https://basc.pnnl.gov/resource-guides/measuring-mechanical-ventilation-airflow,other,2026-09-26,https://takeoffmetric.com/hvac/duct-calculator/,site/src/data/reference/duct.ts,VP_K,"Unit-specific coefficient (V in fpm, VP in in. wg); no SI value given."
HVC-003,hvac,Galvanized steel duct,absolute roughness,0.09,mm,0.09,mm,new galvanized fittings,"Purdue University (Chen et al., 2012)","Duct fittings study, surface roughness of galvanized steel as provided by ASHRAE",https://engineering.purdue.edu/~yanchen/paper/2012-10.pdf,other,2026-09-26,https://takeoffmetric.com/hvac/duct-calculator/,site/src/data/reference/duct.ts,EPS_GALV_MM,"Peer-reviewed paper quoting ASHRAE. The engine also stores 0.0003 ft (EPS_GALV_FT), the source's own imperial figure."
HVC-004,hvac,Air,dynamic viscosity at sea-level standard day,3.62e-7,lb*s/ft2,1.733e-05,Pa*s,59 F,NASA Glenn Research Center,"Viscosity of air, Sutherland's formula",https://www.grc.nasa.gov/www/k-12/airplane/viscosity.html,federal_public_domain,2026-09-26,https://takeoffmetric.com/hvac/duct-calculator/,site/src/data/reference/duct.ts,MU0,"Carried to 70 F with Sutherland's law (3.679e-7 lb*s/ft2, arithmetic)."
HVC-005,hvac,Air,Sutherland constant,198.72,degR,110.4,K,,NASA Glenn Research Center,"Viscosity of air, Sutherland's formula",https://www.grc.nasa.gov/www/k-12/airplane/viscosity.html,federal_public_domain,2026-09-26,https://takeoffmetric.com/hvac/duct-calculator/,site/src/data/reference/duct.ts,SUTHERLAND_R,
HVC-006,hvac,"Rectangular duct, equivalent round diameter",Huebscher equivalent-diameter coefficient,1.30,dimensionless,1.3,dimensionless,Deq = 1.30 (ab)^0.625 / (a+b)^0.250,McGill AirFlow,"Engineering Design Advisory #1, Duct design",https://www.mcgillairflow.com/pdf/cas/designAdvisory01.pdf,manufacturer_datasheet,2026-09-26,https://takeoffmetric.com/hvac/duct-calculator/,site/src/data/reference/duct.ts,HUEBSCHER_K,Dimensionally consistent: the same coefficients hold in inches or millimetres.
HVC-007,hvac,"Rectangular duct, equivalent round diameter",Huebscher exponent on (a x b),0.625,dimensionless,0.625,dimensionless,Deq = 1.30 (ab)^0.625 / (a+b)^0.250,McGill AirFlow,"Engineering Design Advisory #1, Duct design",https://www.mcgillairflow.com/pdf/cas/designAdvisory01.pdf,manufacturer_datasheet,2026-09-26,https://takeoffmetric.com/hvac/duct-calculator/,site/src/data/reference/duct.ts,HUEBSCHER_P,Dimensionally consistent: the same coefficients hold in inches or millimetres.
HVC-008,hvac,"Rectangular duct, equivalent round diameter",Huebscher exponent on (a + b),0.250,dimensionless,0.25,dimensionless,Deq = 1.30 (ab)^0.625 / (a+b)^0.250,McGill AirFlow,"Engineering Design Advisory #1, Duct design",https://www.mcgillairflow.com/pdf/cas/designAdvisory01.pdf,manufacturer_datasheet,2026-09-26,https://takeoffmetric.com/hvac/duct-calculator/,site/src/data/reference/duct.ts,HUEBSCHER_Q,Dimensionally consistent: the same coefficients hold in inches or millimetres.
